"Rainfall";"Temp";"Label"
1900.0;40.0;"outlier"
1900.0;40.0;"outlier"
1900.0;40.0;"outlier"
1900.0;40.0;"outlier"
1900.0;40.0;"outlier"
1900.0;40.0;"outlier"
1900.0;40.0;"outlier"
1900.0;40.0;"outlier"
1900.0;40.0;"outlier"
1900.0;40.0;"outlier"
1900.0;40.0;"outlier"
1900.0;40.0;"outlier"
1900.0;40.0;"outlier"
1900.0;40.0;"outlier"
1900.0;40.0;"outlier"
1900.0;40.0;"outlier"
1900.0;40.0;"outlier"
1900.0;40.0;"outlier"
1900.0;40.0;"outlier"
1900.0;40.0;"outlier"
1900.0;40.0;"outlier"
1900.0;40.0;"outlier"
1900.0;40.0;"outlier"
1900.0;40.0;"outlier"
1900.0;40.0;"outlier"
1900.0;40.0;"outlier"
1900.0;40.0;"outlier"
1900.0;40.0;"outlier"
1900.0;40.0;"outlier"
1900.0;40.0;"outlier"
1900.0;40.0;"outlier"
1900.0;40.0;"outlier"
1900.0;40.0;"outlier"
1900.0;40.0;"outlier"
1900.0;40.0;"outlier"
1900.0;40.0;"outlier"
1900.0;40.0;"outlier"
1900.0;40.0;"outlier"
1900.0;40.0;"outlier"
1900.0;40.0;"outlier"
1900.0;40.0;"outlier"
1900.0;40.0;"outlier"
1900.0;40.0;"outlier"
1900.0;40.0;"outlier"
1900.0;40.0;"outlier"
1900.0;40.0;"outlier"
1900.0;40.0;"outlier"
1900.0;40.0;"outlier"
1900.0;40.0;"outlier"
1900.0;40.0;"outlier"
1900.0;40.0;"outlier"
1900.0;40.0;"outlier"
1900.0;40.0;"outlier"
1900.0;40.0;"outlier"
1900.0;40.0;"outlier"
1900.0;40.0;"outlier"
1900.0;40.0;"outlier"
1900.0;40.0;"outlier"
1900.0;40.0;"outlier"
1900.0;40.0;"outlier"
1900.0;40.0;"outlier"
1900.0;40.0;"outlier"
1900.0;40.0;"outlier"
1900.0;40.0;"outlier"
1900.0;40.0;"outlier"
1900.0;40.0;"outlier"
1900.0;40.0;"outlier"
1900.0;40.0;"outlier"
1900.0;40.0;"outlier"
1900.0;40.0;"outlier"
1900.0;40.0;"outlier"
1900.0;40.0;"outlier"
1900.0;40.0;"outlier"
1900.0;40.0;"outlier"
1900.0;40.0;"outlier"
1900.0;40.0;"outlier"
1900.0;40.0;"outlier"
1900.0;40.0;"outlier"
1900.0;40.0;"outlier"
1900.0;40.0;"outlier"
1900.0;40.0;"outlier"
1900.0;40.0;"outlier"
1900.0;40.0;"outlier"
1900.0;40.0;"outlier"
0.0;40.0;"outlier"
0.0;40.0;"outlier"
2.0;32.0;"normal"
229.0;31.46071429;"normal"
907.0;29.86;"normal"
977.0;29.43103448;"normal"
872.0;30.35483871;"normal"
605.0;30.8516129;"normal"
218.0;31.47666667;"normal"
153.0;30.42;"normal"
8.0;28.52758621;"normal"
6.0;25.55;"normal"
48.0;23.78064516;"normal"
7.0;24.98518519;"normal"
8.0;31.06451613;"normal"
104.0;33.56;"normal"
893.0;30.67419355;"normal"
625.0;30.35517241;"normal"
447.0;31.3;"normal"
524.0;31.80689655;"normal"
315.0;30.92333333;"normal"
129.0;30.30333333;"normal"
0.0;29.25333333;"normal"
0.0;26.70322581;"normal"
3.0;26.05333333;"normal"
111.0;25.475;"normal"
30.0;31.90666667;"normal"
261.0;31.69;"normal"
667.0;30.58709677;"normal"
815.0;31.93333333;"normal"
277.0;32.59032258;"normal"
640.0;30.50333333;"normal"
453.0;31.68965517;"normal"
395.0;30.70322581;"normal"
21.0;28.76333333;"normal"
17.0;25.78387097;"normal"
20.0;24.36333333;"normal"
15.0;25.45185185;"normal"
124.0;29.8;"normal"
261.0;32.01;"normal"
800.0;29.51290323;"normal"
1106.0;29.79310345;"normal"
472.0;31.60333333;"normal"
600.0;31.41612903;"normal"
710.0;30.04482759;"normal"
481.0;28.29032258;"normal"
0.0;27.74137931;"normal"
0.0;26.50645161;"normal"
0.0;25.68333333;"normal"
0.0;30.14137931;"normal"
71.0;29.87419355;"normal"
38.0;35.51666667;"normal"
426.0;32.97;"normal"
483.0;30.92666667;"normal"
1118.0;29.57;"normal"
374.0;32.42;"normal"
540.0;30.95862069;"normal"
95.0;31.13103448;"normal"
1900.0;28.32;"outlier"
1900.0;40.0;"outlier"
1900.0;40.0;"outlier"
1900.0;40.0;"outlier"
1900.0;30.4;"outlier"
1900.0;31.8;"outlier"
605.0;31.7;"normal"
922.0;30.5;"normal"
487.0;31.9;"normal"
509.0;31.5;"normal"
470.0;31.7;"normal"
90.0;30.3;"normal"
0.0;28.2;"normal"
0.0;25.4;"normal"
6.0;24.3;"normal"
1900.0;27.1;"outlier"
2.0;32.2;"normal"
218.0;32.1;"normal"
318.0;30.1;"normal"
918.0;30.2;"normal"
371.0;31.8;"normal"
822.0;29.6;"normal"
178.0;32.3;"normal"
103.0;30.6;"normal"
0.0;28.1;"normal"
0.0;26.1;"normal"
0.0;25.6;"normal"
19.0;29.2;"normal"
57.0;31.6;"normal"
208.0;31.2;"normal"
467.0;29.3;"normal"
810.0;30.0;"normal"
681.0;31.0;"normal"
557.0;30.9;"normal"
512.0;31.7;"normal"
180.0;29.3;"normal"
8.0;28.1;"normal"
0.0;25.9;"normal"
25.0;23.5;"normal"
25.0;27.2;"normal"
80.0;31.1;"normal"
526.0;28.8;"normal"
484.0;30.6;"normal"
1294.0;29.3;"normal"
1116.0;29.3;"normal"
538.0;31.6;"normal"
582.0;30.7;"normal"
288.0;30.0;"normal"
0.0;29.2;"normal"
1900.0;25.9;"outlier"
0.0;25.5;"normal"
134.0;25.6;"normal"
71.0;29.9;"normal"
280.0;30.0;"normal"
373.0;31.1;"normal"
916.0;29.7;"normal"
508.0;30.2;"normal"
666.0;29.3;"normal"
550.0;30.2;"normal"
165.0;30.5;"normal"
94.0;28.2;"normal"
6.0;26.4;"normal"
0.0;25.0;"normal"
510.0;29.3;"normal"
29.0;31.3;"normal"
207.0;32.4;"normal"
1900.0;40.0;"outlier"
404.0;28.6;"normal"
1075.0;30.5;"normal"
958.0;30.2;"normal"
537.0;31.1;"normal"
1900.0;29.0;"outlier"
1900.0;40.0;"outlier"
1900.0;40.0;"outlier"
1900.0;25.8;"outlier"
57.0;27.4;"normal"
122.0;28.6;"normal"
307.0;30.5;"normal"
317.0;30.8;"normal"
1019.0;30.1;"normal"
618.0;31.0;"normal"
399.0;32.2;"normal"
573.0;30.4;"normal"
83.0;30.2;"normal"
1900.0;28.7;"outlier"
0.0;26.1;"normal"
20.0;24.8;"normal"
3.0;26.3;"normal"
102.0;30.8;"normal"
261.0;31.0;"normal"
660.0;29.6;"normal"
815.0;29.9;"normal"
812.0;30.4;"normal"
826.0;30.7;"normal"
630.0;29.7;"normal"
129.0;30.7;"normal"
19.0;28.6;"normal"
0.0;26.2;"normal"
12.0;24.5;"normal"
0.0;26.8;"normal"
187.0;30.7;"normal"
376.0;30.4;"normal"
459.0;32.7;"normal"
704.0;29.7;"normal"
738.0;31.3;"normal"
964.0;29.6;"normal"
162.0;32.2;"normal"
115.0;30.5;"normal"
40.0;28.3;"normal"
0.0;26.2;"normal"
62.0;23.8;"normal"
65.0;26.9;"normal"
60.0;29.9;"normal"
466.0;31.0;"normal"
851.0;31.2;"normal"
955.0;30.7;"normal"
1076.0;30.0;"normal"
662.0;31.1;"normal"
622.0;30.4;"normal"
608.0;29.4;"normal"
47.0;27.8;"normal"
1900.0;26.2;"outlier"
22.0;23.9;"normal"
7.0;26.6;"normal"
1900.0;32.3;"outlier"
1900.0;40.0;"outlier"
1900.0;32.2;"outlier"
1900.0;30.3;"outlier"
510.0;30.0;"normal"
571.0;29.9;"normal"
349.0;30.6;"normal"
259.0;29.8;"normal"
85.0;27.4;"normal"
1900.0;40.0;"outlier"
1900.0;26.0;"outlier"
40.0;25.1;"normal"
110.0;30.5;"normal"
445.0;28.4;"normal"
384.0;30.3;"normal"
829.0;29.9;"normal"
826.0;30.9;"normal"
479.0;31.2;"normal"
1900.0;31.4;"outlier"
302.0;30.5;"normal"
0.0;29.4;"normal"
0.0;26.3;"normal"
1900.0;40.0;"outlier"
1900.0;40.0;"outlier"
1900.0;40.0;"outlier"
1900.0;40.0;"outlier"
1900.0;40.0;"outlier"
1900.0;40.0;"outlier"
1900.0;40.0;"outlier"
1900.0;40.0;"outlier"
1900.0;40.0;"outlier"
1900.0;40.0;"outlier"
1900.0;40.0;"outlier"
1900.0;40.0;"outlier"
0.0;24.6;"normal"
0.0;27.7;"normal"
81.0;30.4;"normal"
396.0;30.0;"normal"
505.0;30.3;"normal"
1014.0;29.7;"normal"
1128.0;28.5;"normal"
854.0;30.5;"normal"
714.0;29.8;"normal"
448.0;30.6;"normal"
1900.0;29.7;"outlier"
0.0;25.2;"normal"
0.0;25.0;"normal"
31.0;27.2;"normal"
64.0;31.3;"normal"
255.0;32.0;"normal"
567.0;30.0;"normal"
1900.0;40.0;"outlier"
1061.0;28.6;"normal"
737.0;31.0;"normal"
466.0;30.1;"normal"
171.0;30.3;"normal"
92.0;27.5;"normal"
1900.0;40.0;"outlier"
0.0;25.4;"normal"
11.0;27.0;"normal"
323.0;29.6;"normal"
97.0;30.3;"normal"
437.0;31.2;"normal"
1155.0;28.4;"normal"
1096.0;30.5;"normal"
880.0;29.8;"normal"
224.0;31.6;"normal"
260.0;29.8;"normal"
45.0;28.9;"normal"
0.0;25.4;"normal"
16.0;24.1;"normal"
43.0;26.3;"normal"
133.0;30.5;"normal"
759.0;26.7;"normal"
387.0;28.8;"normal"
787.0;29.0;"normal"
516.0;31.0;"normal"
743.0;31.1;"normal"
104.0;31.7;"normal"
397.0;29.6;"normal"
54.0;28.0;"normal"
4.0;25.5;"normal"
0.0;23.4;"normal"
0.0;27.7;"normal"
50.0;30.9;"normal"
199.0;31.6;"normal"
791.0;29.1;"normal"
870.0;29.8;"normal"
722.0;30.9;"normal"
256.0;32.9;"normal"
335.0;30.7;"normal"
171.0;31.6;"normal"
2.0;28.3;"normal"
0.0;27.1;"normal"
1900.0;40.0;"outlier"
7.0;28.0;"normal"
58.0;31.2;"normal"
119.0;33.1;"normal"
356.0;32.3;"normal"
929.0;31.4;"normal"
1322.0;30.0;"normal"
288.0;31.3;"normal"
587.0;30.3;"normal"
249.0;30.1;"normal"
6.0;29.6;"normal"
33.0;25.8;"normal"
0.0;24.5;"normal"
33.0;26.6;"normal"
114.0;29.7;"normal"
519.0;32.0;"normal"
758.0;28.9;"normal"
457.0;31.2;"normal"
449.0;31.4;"normal"
307.0;31.3;"normal"
154.0;31.0;"normal"
489.0;29.6;"normal"
0.0;29.7;"normal"
0.0;27.2;"normal"
21.0;25.0;"normal"
39.0;26.7;"normal"
109.0;29.6;"normal"
420.0;29.2;"normal"
1000.0;30.1;"normal"
351.0;32.1;"normal"
1113.0;29.8;"normal"
747.0;31.3;"normal"
464.0;31.2;"normal"
43.0;31.7;"normal"
0.0;30.4;"normal"
26.0;26.1;"normal"
0.0;26.7;"normal"
27.0;26.7;"normal"
80.0;30.0;"normal"
732.0;29.1;"normal"
509.0;32.0;"normal"
870.0;30.0;"normal"
807.0;30.2;"normal"
661.0;31.9;"normal"
513.0;30.8;"normal"
29.0;31.5;"normal"
5.0;28.4;"normal"
0.0;25.7;"normal"
1.0;24.8;"normal"
43.0;26.6;"normal"
387.0;28.3;"normal"
500.0;29.8;"normal"
580.0;29.8;"normal"
667.0;30.8;"normal"
952.0;30.9;"normal"
858.0;31.4;"normal"
536.0;31.8;"normal"
278.0;32.0;"normal"
0.0;30.2;"normal"
20.0;25.4;"normal"
8.0;24.4;"normal"
4.0;27.8;"normal"
54.0;33.2;"normal"
296.0;32.6;"normal"
900.0;28.7;"normal"
596.0;32.3;"normal"
820.0;31.2;"normal"
336.0;32.8;"normal"
801.0;30.2;"normal"
300.0;30.8;"normal"
23.0;29.0;"normal"
48.0;25.4;"normal"
0.0;25.0;"normal"
27.0;26.6;"normal"
208.0;29.6;"normal"
541.0;30.3;"normal"
368.0;31.6;"normal"
1083.0;30.7;"normal"
670.0;31.0;"normal"
382.0;32.1;"normal"
596.0;31.2;"normal"
114.0;31.8;"normal"
0.0;29.2;"normal"
22.0;26.4;"normal"
4.0;25.3;"normal"
2.0;27.8;"normal"
41.0;31.7;"normal"
380.0;29.9;"normal"
170.0;32.4;"normal"
449.0;33.1;"normal"
646.0;31.3;"normal"
586.0;32.2;"normal"
494.0;29.9;"normal"
454.0;29.4;"normal"
106.0;28.5;"normal"
2.0;26.0;"normal"
0.0;26.3;"normal"
29.0;28.7;"normal"
184.0;29.0;"normal"
402.0;30.6;"normal"
222.0;32.4;"normal"
1900.0;30.6;"outlier"
1038.0;30.7;"normal"
860.0;31.1;"normal"
922.0;31.2;"normal"
157.0;31.5;"normal"
45.0;30.1;"normal"
14.0;27.1;"normal"
0.0;26.9;"normal"
29.0;28.9;"normal"
133.0;29.9;"normal"
332.0;32.1;"normal"
1110.0;29.1;"normal"
959.0;32.2;"normal"
738.0;30.7;"normal"
1157.0;30.3;"normal"
772.0;31.4;"normal"
63.0;30.9;"normal"
122.0;29.6;"normal"
80.0;27.0;"normal"
6.0;24.0;"normal"
33.0;26.5;"normal"
11.0;31.3;"normal"
313.0;32.0;"normal"
543.0;32.3;"normal"
970.0;31.3;"normal"
1342.0;30.8;"normal"
665.0;32.3;"normal"
1081.0;30.9;"normal"
524.0;30.3;"normal"
34.0;28.4;"normal"
1.0;25.7;"normal"
2.0;26.5;"normal"
44.0;27.3;"normal"
176.0;28.0;"normal"
510.0;28.4;"normal"
546.0;31.4;"normal"
595.0;31.5;"normal"
776.0;31.5;"normal"
547.0;32.2;"normal"
1023.0;30.7;"normal"
216.0;30.7;"normal"
38.0;30.0;"normal"
3.0;26.5;"normal"
10.0;24.9;"normal"
55.0;27.5;"normal"
60.0;31.5;"normal"
405.0;30.4;"normal"
1063.0;27.0;"normal"
1203.0;29.8;"normal"
351.0;32.2;"normal"
437.0;32.3;"normal"
781.0;30.2;"normal"
173.0;30.5;"normal"
3.0;28.5;"normal"
79.0;24.7;"normal"
0.0;24.4;"normal"
55.0;24.6;"normal"
172.0;30.1;"normal"
129.0;32.4;"normal"
544.0;30.8;"normal"
666.0;31.8;"normal"
901.0;31.0;"normal"
374.0;32.8;"normal"
459.0;31.8;"normal"
203.0;30.8;"normal"
3.0;29.1;"normal"
0.0;25.8;"normal"
35.0;23.5;"normal"
149.0;26.7;"normal"
96.0;28.9;"normal"
261.0;30.7;"normal"
587.0;29.4;"normal"
1099.0;30.1;"normal"
1174.0;31.2;"normal"
471.0;31.4;"normal"
702.0;31.6;"normal"
153.0;30.8;"normal"
2.0;29.3;"normal"
0.0;27.5;"normal"
23.0;26.3;"normal"
43.0;26.2;"normal"
514.0;28.8;"normal"
326.0;31.2;"normal"
342.0;31.7;"normal"
584.0;31.3;"normal"
757.0;33.3;"normal"
573.0;32.7;"normal"
227.0;33.1;"normal"
145.0;31.0;"normal"
4.0;28.9;"normal"
0.0;26.9;"normal"
10.0;24.8;"normal"
29.0;26.4;"normal"
1900.0;31.5;"outlier"
176.0;32.5;"normal"
327.0;32.4;"normal"
941.0;31.6;"normal"
874.0;31.4;"normal"
832.0;31.5;"normal"
423.0;31.8;"normal"
79.0;32.0;"normal"
102.0;29.4;"normal"
0.0;25.9;"normal"
2.0;25.2;"normal"
76.0;28.5;"normal"
257.0;30.8;"normal"
252.0;32.0;"normal"
759.0;31.2;"normal"
518.0;31.5;"normal"
745.0;30.9;"normal"
745.0;31.4;"normal"
379.0;33.0;"normal"
281.0;31.3;"normal"
0.0;29.6;"normal"
0.0;27.8;"normal"
1.0;29.9;"normal"
27.0;25.8;"normal"
111.0;31.4;"normal"
170.0;30.4;"normal"
347.0;32.1;"normal"
796.0;31.0;"normal"
681.0;31.8;"normal"
486.0;32.6;"normal"
946.0;30.0;"normal"
31.0;31.7;"normal"
23.0;29.9;"normal"
18.0;25.6;"normal"
7.0;23.3;"normal"
15.0;28.3;"normal"
239.0;29.2;"normal"
548.0;30.7;"normal"
366.0;32.2;"normal"
858.0;31.2;"normal"
1245.0;30.2;"normal"
665.0;31.1;"normal"
313.0;32.8;"normal"
90.0;32.9;"normal"
42.0;30.8;"normal"
0.0;28.3;"normal"
0.0;27.4;"normal"
0.0;31.9;"normal"
49.0;33.2;"normal"
207.0;33.2;"normal"
731.0;31.3;"normal"
472.0;32.1;"normal"
775.0;32.0;"normal"
503.0;32.0;"normal"
253.0;32.0;"normal"
344.0;31.2;"normal"
0.0;30.3;"normal"
0.0;27.7;"normal"
48.0;24.89677419;"normal"
3.0;25.45517241;"normal"
119.0;28.71290323;"normal"
500.0;30.33;"normal"
670.0;30.17419355;"normal"
1120.0;31.16;"normal"
330.0;32.44193548;"normal"
981.0;31.16451613;"normal"
733.0;30.92;"normal"
188.0;31.66129032;"normal"
0.0;29.35;"normal"
0.0;26.99354839;"normal"
0.0;25.20322581;"normal"
143.0;27.725;"normal"
42.0;31.19032258;"normal"
177.0;32.22;"normal"
481.0;31.53870968;"normal"
729.0;31.91666667;"normal"
612.0;32.67741935;"normal"
609.0;33.17741935;"normal"
347.0;32.66666667;"normal"
281.0;31.26451613;"normal"
55.0;29.18666667;"normal"
0.0;26.95483871;"normal"
2.0;25.17919911;"normal"
2.0;27.13517241;"normal"
78.0;30.36709677;"normal"
441.0;30.79068966;"normal"
548.0;30.74580645;"normal"
701.0;30.91586207;"normal"
841.0;30.87806452;"normal"
469.0;31.55548387;"normal"
396.0;31.13733333;"normal"
108.0;30.85870968;"normal"
132.0;29.175;"normal"
14.0;26.32834101;"normal"
0.0;24.86129032;"normal"
0.0;28.76785714;"normal"
170.0;29.73225806;"normal"
311.0;32.13;"normal"
359.0;31.91935484;"normal"
1038.0;30.2;"normal"
497.0;32.72580645;"normal"
438.0;33.17096774;"normal"
499.0;32.66333333;"normal"
237.0;31.50322581;"normal"
0.0;29.42666667;"normal"
7.0;26.68064516;"normal"
1.0;25.52580645;"normal"
8.0;28.78965517;"normal"
40.0;32.51290323;"normal"
622.0;28.95;"normal"
371.0;32.36129032;"normal"
553.0;31.67;"normal"
1394.0;30.6516129;"normal"
545.0;33.38709677;"normal"
478.0;30.67;"normal"
235.0;30.92258065;"normal"
5.0;29.61;"normal"
12.0;27.33870968;"normal"
0.0;25.22258065;"normal"
48.0;28.56785714;"normal"
388.0;29.48709677;"normal"
296.0;31.74;"normal"
895.0;30.0516129;"normal"
354.0;32.63;"normal"
978.0;32.00967742;"normal"
626.0;32.04516129;"normal"
319.0;33.28;"normal"
259.0;31.88709677;"normal"
0.0;30.05666667;"normal"
0.0;28.60322581;"normal"
0.0;26.57419355;"normal"
62.0;30.06785714;"normal"
16.0;33.12580645;"normal"
353.0;31.52333333;"normal"
572.0;31.80645161;"normal"
1288.0;31.00666667;"normal"
436.0;32.90322581;"normal"
424.0;33.99032258;"normal"
288.0;32.32;"normal"
72.0;32.8516129;"normal"
12.0;29.63;"normal"
3.0;27.54193548;"normal"
0.0;25.65483871;"normal"
34.0;27.325;"normal"
41.0;31.42580645;"normal"
481.0;30.31;"normal"
669.0;32.44516129;"normal"
869.0;30.73;"normal"
786.0;31.41290323;"normal"
578.0;32.70322581;"normal"
594.0;31.96;"normal"
142.0;31.34193548;"normal"
144.0;29.66666667;"normal"
0.0;26.30967742;"normal"
19.0;24.47419355;"normal"
35.0;26.17586207;"normal"
165.0;29.92903226;"normal"
162.0;33.12333333;"normal"
501.0;32.60322581;"normal"
648.0;31.84666667;"normal"
604.0;31.97741935;"normal"
761.0;31.46129032;"normal"
264.0;32.79;"normal"
192.0;31.55806452;"normal"
0.0;29.94;"normal"
0.0;27.43548387;"normal"
0.0;26.60322581;"normal"
20.0;30.51428571;"normal"
63.0;32.62580645;"normal"
427.0;32.49;"normal"
576.0;32.52580645;"normal"
469.0;32.15666667;"normal"
599.0;33.03548387;"normal"
674.0;32.13225806;"normal"
323.0;33.18666667;"normal"
136.0;32.71935484;"normal"
0.0;29.96;"normal"
0.0;27.08387097;"normal"
0.0;27.29354839;"normal"
1.0;29.52142857;"normal"
147.0;33.10322581;"normal"
804.0;30.54333333;"normal"
728.0;30.96774194;"normal"
946.0;30.49;"normal"
528.0;32.84516129;"normal"
767.0;32.94193548;"normal"
732.0;31.88;"normal"
231.0;32.82580645;"normal"
10.0;30.48;"normal"
45.0;26.90322581;"normal"
0.0;24.08064516;"normal"
3.0;29.24642857;"normal"
99.0;31.37096774;"normal"
78.0;33.23333333;"normal"
403.0;31.7516129;"normal"
578.0;32.55;"normal"
673.0;32.49354839;"normal"
722.0;32.55806452;"normal"
490.0;33.64333333;"normal"
55.0;33.49032258;"normal"
0.0;29.81666667;"normal"
0.0;27.70645161;"normal"
0.0;26.000000000000004;"normal"
140.0;26.565517241379304;"normal"
51.0;31.309677419354838;"normal"
442.0;32.04666666666667;"normal"
666.0;31.796774193548384;"normal"
580.0;32.36333333333334;"normal"
264.0;31.645161290322587;"normal"
0.0;40.0;"outlier"
304.0;31.740000000000002;"normal"
91.0;30.467741935483875;"normal"
58.0;28.1;"normal"
2.0;25.754838709677422;"normal"
6.0;25.832258064516132;"normal"
1.0;27.892857142857146;"normal"
58.0;32.31935483870967;"normal"
360.0;29.49666666666666;"normal"
321.0;30.309677419354834;"normal"
639.0;31.541379310344823;"normal"
310.0;31.649999999999995;"normal"
245.0;31.725806451612897;"normal"
317.0;31.773333333333337;"normal"
165.0;31.054838709677416;"normal"
5.0;28.879999999999995;"normal"
0.0;25.074193548387097;"normal"
0.0;26.22258064516129;"normal"
62.0;26.710714285714285;"normal"
16.0;31.03225806451613;"normal"
214.0;33.34137931034483;"normal"
172.0;33.309677419354834;"normal"
386.0;31.62666666666667;"normal"
230.0;32.13548387096774;"normal"
367.0;30.283870967741933;"normal"
144.0;32.29666666666666;"normal"
226.0;30.983870967741936;"normal"
103.0;28.13;"normal"
0.0;26.012903225806454;"normal"
1.0;25.53870967741936;"normal"
0.0;29.13214285714286;"normal"
45.0;31.986206896551725;"normal"
227.0;32.00666666666667;"normal"
427.0;32.663333333333334;"normal"
429.0;31.749999999999996;"normal"
490.0;31.60967741935484;"normal"
432.0;32.038709677419355;"normal"
279.0;32.12333333333333;"normal"
397.0;30.53225806451613;"normal"
34.0;28.765517241379307;"normal"
0.0;27.183870967741935;"normal"
0.0;26.24516129032258;"normal"
0.0;29.82758620689655;"normal"
91.0;30.71290322580645;"normal"
111.0;33.52068965517242;"normal"
249.0;32.37741935483871;"normal"
319.0;32.25666666666667;"normal"
520.0;31.75806451612903;"normal"
495.0;31.903225806451616;"normal"
209.0;31.66666666666667;"normal"
298.0;31.173333333333325;"normal"
66.0;27.876666666666665;"normal"
0.0;25.996666666666673;"normal"
9.0;25.077419354838717;"normal"
9.0;29.14642857142858;"normal"
114.0;31.096666666666657;"normal"
262.0;33.980000000000004;"normal"
587.0;31.993548387096784;"normal"
650.0;31.140740740740732;"normal"
119.0;31.909677419354836;"normal"
324.0;32.74516129032258;"normal"
418.0;31.593333333333327;"normal"
171.0;30.880645161290325;"normal"
29.0;28.683333333333326;"normal"
0.0;27.409677419354825;"normal"
1.0;24.680000000000003;"normal"
73.0;29.571428571428577;"normal"
95.0;32.97741935483871;"normal"
280.0;33.61379310344828;"normal"
368.0;33.21;"normal"
653.0;30.78666666666667;"normal"
274.0;31.858064516129026;"normal"
261.0;31.56129032258064;"normal"
269.0;32.696666666666665;"normal"
195.0;30.05161290322581;"normal"
0.0;40.0;"outlier"
0.0;26.316129032258065;"normal"
3.0;25.541935483870965;"normal"
0.0;28.532142857142855;"normal"
126.0;32.59032258064516;"normal"
210.0;32.49999999999999;"normal"
340.0;33.279999999999994;"normal"
556.0;31.573333333333338;"normal"
347.0;31.064516129032263;"normal"
411.0;30.806896551724137;"normal"
388.0;31.658620689655166;"normal"
47.0;31.8258064516129;"normal"
211.0;28.926666666666666;"normal"
0.0;25.483870967741936;"normal"
11.0;26.28846153846154;"normal"
0.0;28.799999999999994;"normal"
193.0;31.63548387096774;"normal"
217.0;33.233333333333334;"normal"
538.0;31.183870967741928;"normal"
769.0;30.226666666666656;"normal"
461.0;31.28064516129032;"normal"
482.0;31.319354838709685;"normal"
245.0;31.29999999999999;"normal"
59.0;31.54193548387097;"normal"
94.0;28.879999999999995;"normal"
15.0;26.300000000000008;"normal"
32.0;24.658064516129034;"normal"
82.0;26.328571428571426;"normal"
3.0;31.703225806451623;"normal"
202.0;35.629629629629626;"normal"
366.0;33.36774193548387;"normal"
611.0;31.83;"normal"
277.0;32.36129032258064;"normal"
359.0;32.65483870967742;"normal"
289.0;31.943333333333328;"normal"
90.0;30.935483870967754;"normal"
0.0;29.583333333333336;"normal"
4.0;26.88387096774194;"normal"
6.0;26.890322580645165;"normal"
129.0;27.15357142857142;"normal"
14.0;33.165517241379305;"normal"
154.0;34.38571428571429;"normal"
405.0;32.983870967741936;"normal"
425.0;33.568965517241374;"normal"
334.0;32.85333333333333;"normal"
298.0;31.858064516129037;"normal"
373.0;32.49333333333333;"normal"
270.0;31.412903225806446;"normal"
0.0;29.709999999999994;"normal"
13.0;26.596774193548395;"normal"
69.0;24.98387096774194;"normal"
52.0;26.992857142857137;"normal"
185.0;31.52258064516129;"normal"
123.0;33.903333333333336;"normal"
335.0;32.754838709677436;"normal"
502.0;31.993103448275864;"normal"
403.0;32.229032258064514;"normal"
457.0;32.18709677419354;"normal"
232.0;31.06896551724138;"normal"
219.0;29.751612903225816;"normal"
0.0;28.506666666666668;"normal"
0.0;26.961290322580652;"normal"
0.0;26.503225806451617;"normal"
0.0;29.955172413793097;"normal"
0.0;31.187096774193545;"normal"
0.0;37.14666666666667;"normal"
0.0;35.16206896551724;"normal"
0.0;32.43448275862068;"normal"
0.0;31.096774193548384;"normal"
0.0;33.06774193548386;"normal"
0.0;32.11666666666666;"normal"
140.0;31.403225806451612;"normal"
0.0;29.03666666666667;"normal"
0.0;27.090322580645168;"normal"
1900.0;27.6;"outlier"
0.0;26.0;"normal"
0.0;31.4;"normal"
0.0;33.8;"normal"
0.0;32.6;"normal"
1900.0;30.6;"outlier"
0.0;32.1;"normal"
0.0;32.4;"normal"
0.0;32.1;"normal"
0.0;31.4;"normal"
1900.0;28.8;"outlier"
0.0;25.7;"normal"
15.0;25.7;"normal"
60.0;28.3;"normal"
2.0;33.0;"normal"
115.0;34.3;"normal"
268.0;32.4;"normal"
678.0;31.7;"normal"
379.0;32.8;"normal"
323.0;31.1;"normal"
22.0;33.5;"normal"
109.0;30.7;"normal"
0.0;29.0;"normal"
0.0;26.7;"normal"
0.0;26.9;"normal"
5.0;30.2;"normal"
89.0;32.2;"normal"
288.0;33.2;"normal"
395.0;31.5;"normal"
1900.0;31.6;"outlier"
310.0;31.5;"normal"
282.0;32.3;"normal"
237.0;33.0;"normal"
398.0;30.5;"normal"
13.0;29.4;"normal"
0.0;27.0;"normal"
9.0;25.2;"normal"
1900.0;28.4;"outlier"
1900.0;32.9;"outlier"
432.0;31.0;"normal"
393.0;31.5;"normal"
459.0;31.5;"normal"
455.0;30.9;"normal"
293.0;32.8;"normal"
197.0;32.6;"normal"
1900.0;31.3;"outlier"
51.0;30.1;"normal"
0.0;26.6;"normal"
0.0;26.5;"normal"
82.0;27.9;"normal"
70.0;30.9;"normal"
59.0;33.4;"normal"
309.0;32.9;"normal"
845.0;31.4;"normal"
206.0;31.5;"normal"
273.0;31.2;"normal"
1900.0;40.0;"outlier"
68.0;31.3;"normal"
67.0;29.9;"normal"
10.0;27.2;"normal"
1900.0;24.8;"outlier"
0.0;30.3;"normal"
1900.0;31.7;"outlier"
171.0;34.3;"normal"
1900.0;32.6;"outlier"
684.0;30.4;"normal"
561.0;31.9;"normal"
403.0;31.3;"normal"
210.0;31.7;"normal"
187.0;30.2;"normal"
41.0;28.6;"normal"
46.0;24.8;"normal"
46.0;24.8;"normal"
0.0;28.6;"normal"
376.0;29.7;"normal"
1900.0;32.5;"outlier"
206.0;32.6;"normal"
283.0;31.9;"normal"
1900.0;31.6;"outlier"
304.0;32.7;"normal"
368.0;31.5;"normal"
160.0;30.6;"normal"
0.0;28.8;"normal"
0.0;26.8;"normal"
0.0;25.5;"normal"
1900.0;27.2;"outlier"
0.0;31.9;"normal"
30.0;32.6;"normal"
459.0;31.9;"normal"
456.0;31.0;"normal"
531.0;31.2;"normal"
544.0;32.0;"normal"
1900.0;31.3;"outlier"
132.0;30.7;"normal"
25.0;28.4;"normal"
0.0;26.4;"normal"
71.0;25.3;"normal"
0.0;27.7;"normal"
80.0;32.7;"normal"
395.0;32.8;"normal"
1900.0;33.9;"outlier"
480.0;31.7;"normal"
313.0;32.5;"normal"
523.0;31.3;"normal"
158.0;32.6;"normal"
1900.0;29.6;"outlier"
22.0;28.8;"normal"
0.0;26.5;"normal"
36.0;24.6;"normal"
1900.0;27.1;"outlier"
97.0;31.3;"normal"
79.0;33.5;"normal"
79.0;33.8;"normal"
418.0;31.9;"normal"
1900.0;31.0;"outlier"
267.0;32.3;"normal"
420.0;31.2;"normal"
213.0;29.9;"normal"
1900.0;28.1;"outlier"
0.0;26.2;"normal"
4.0;24.3;"normal"
0.0;27.2;"normal"
1900.0;33.1;"outlier"
1900.0;40.0;"outlier"
1900.0;40.0;"outlier"
1900.0;40.0;"outlier"
1900.0;29.6;"outlier"
1900.0;31.1;"outlier"
116.0;31.6;"normal"
249.0;30.5;"normal"
99.0;27.9;"normal"
1900.0;25.4;"outlier"
0.0;26.0;"normal"
42.0;26.0;"normal"
90.0;32.3;"normal"
234.0;32.4;"normal"
269.0;31.9;"normal"
1900.0;33.1;"outlier"
447.0;32.7;"normal"
202.0;32.6;"normal"
1900.0;32.5;"outlier"
36.0;31.9;"normal"
2.0;29.4;"normal"
0.0;26.9;"normal"
0.0;25.4;"normal"
108.0;29.4;"normal"
16.0;30.5;"normal"
318.0;33.6;"normal"
1900.0;30.8;"outlier"
553.0;31.0;"normal"
378.0;32.4;"normal"
181.0;32.3;"normal"
150.0;32.1;"normal"
80.0;32.2;"normal"
88.0;28.2;"normal"
1900.0;24.4;"outlier"
0.0;24.4;"normal"
1900.0;27.5;"outlier"
1900.0;31.8;"outlier"
1900.0;31.9;"outlier"
493.0;32.0;"normal"
677.0;31.6;"normal"
1900.0;29.8;"outlier"
1900.0;40.0;"outlier"
1900.0;40.0;"outlier"
97.0;32.1;"normal"
16.0;29.7;"normal"
0.0;25.1;"normal"
1900.0;24.7;"outlier"
1900.0;40.0;"outlier"
0.0;32.9;"normal"
0.0;33.5;"normal"
305.0;32.0;"normal"
285.0;32.8;"normal"
253.0;31.3;"normal"
1900.0;40.0;"outlier"
147.0;31.5;"normal"
106.0;31.8;"normal"
83.0;27.8;"normal"
0.0;25.7;"normal"
0.0;25.8;"normal"
1900.0;40.0;"outlier"
1900.0;40.0;"outlier"
93.0;31.5;"normal"
1900.0;40.0;"outlier"
1285.0;30.2;"normal"
529.0;32.0;"normal"
267.0;32.0;"normal"
606.0;32.5;"normal"
155.0;31.4;"normal"
1900.0;40.0;"outlier"
0.0;26.4;"normal"
0.0;25.2;"normal"
51.0;24.7;"normal"
0.0;32.8;"normal"
695.0;29.8;"normal"
510.0;30.0;"normal"
500.0;30.8;"normal"
1900.0;40.0;"outlier"
311.0;32.0;"normal"
121.0;32.5;"normal"
189.0;30.4;"normal"
92.0;29.2;"normal"
15.0;25.6;"normal"
0.0;23.1;"normal"
1900.0;22.7;"outlier"
33.0;31.9;"normal"
1900.0;31.6;"outlier"
651.0;30.6;"normal"
686.0;31.4;"normal"
240.0;32.8;"normal"
343.0;33.7;"normal"
128.0;31.7;"normal"
51.0;32.2;"normal"
1.0;30.2;"normal"
0.0;27.6;"normal"
2.0;26.8;"normal"
7.0;27.6;"normal"
24.0;32.3;"normal"
1900.0;34.9;"outlier"
279.0;35.3;"normal"
419.0;31.6;"normal"
451.0;32.8;"normal"
282.0;32.6;"normal"
1900.0;32.2;"outlier"
39.0;32.1;"normal"
1900.0;29.1;"outlier"
66.0;26.5;"normal"
0.0;40.0;"outlier"
4.0;40.0;"outlier"
53.0;40.0;"outlier"
1900.0;40.0;"outlier"
631.0;40.0;"outlier"
1900.0;40.0;"outlier"
294.0;40.0;"outlier"
1900.0;40.0;"outlier"
1900.0;40.0;"outlier"
1900.0;40.0;"outlier"
1900.0;40.0;"outlier"
1900.0;40.0;"outlier"
1900.0;40.0;"outlier"
1900.0;40.0;"outlier"
1900.0;40.0;"outlier"
1900.0;40.0;"outlier"
1900.0;40.0;"outlier"
1900.0;40.0;"outlier"
1900.0;40.0;"outlier"
1900.0;40.0;"outlier"
1900.0;40.0;"outlier"
1900.0;40.0;"outlier"
1900.0;40.0;"outlier"
1900.0;40.0;"outlier"
0.0;27.5;"normal"
72.0;27.4;"normal"
31.0;31.5;"normal"
375.0;32.8;"normal"
225.0;34.2;"normal"
372.0;32.3;"normal"
310.0;32.9;"normal"
489.0;32.8;"normal"
221.0;33.1;"normal"
92.0;32.8;"normal"
0.0;26.7;"normal"
24.0;29.9;"normal"
1.0;26.0;"normal"
24.0;27.8;"normal"
342.0;31.0;"normal"
405.0;34.3;"normal"
605.0;32.5;"normal"
431.0;32.9;"normal"
224.0;33.6;"normal"
1900.0;32.3;"outlier"
1900.0;40.0;"outlier"
1900.0;40.0;"outlier"
1900.0;40.0;"outlier"
1900.0;40.0;"outlier"
1900.0;25.0;"outlier"
1900.0;27.6;"outlier"
0.0;33.3;"normal"
82.0;35.6;"normal"
734.0;30.9;"normal"
396.0;32.5;"normal"
204.0;31.4;"normal"
362.0;33.0;"normal"
481.0;31.6;"normal"
156.0;32.0;"normal"
5.0;27.5;"normal"
1.0;24.1;"normal"
5.0;23.2;"normal"
43.0;28.9;"normal"
88.0;31.6;"normal"
1900.0;40.0;"outlier"
1900.0;40.0;"outlier"
1900.0;40.0;"outlier"
1900.0;31.0;"outlier"
232.0;32.5;"normal"
351.0;31.4;"normal"
50.0;32.1;"normal"
0.0;29.1;"normal"
0.0;26.7;"normal"
3.0;24.9;"normal"
2.0;28.2;"normal"
20.0;33.2;"normal"
525.0;31.6;"normal"
196.0;32.2;"normal"
406.0;32.4;"normal"
215.0;31.3;"normal"
278.0;32.4;"normal"
281.0;30.4;"normal"
411.0;29.9;"normal"
191.0;28.6;"normal"
0.0;26.1;"normal"
9.0;25.9;"normal"
2.0;28.7;"normal"
65.0;30.6;"normal"
319.0;32.1;"normal"
169.0;32.9;"normal"
270.0;31.8;"normal"
372.0;31.4;"normal"
449.0;31.5;"normal"
220.0;31.5;"normal"
134.0;31.1;"normal"
38.0;29.2;"normal"
10.0;26.4;"normal"
0.0;26.2;"normal"
40.0;28.6;"normal"
208.0;30.3;"normal"
152.0;33.1;"normal"
628.0;30.9;"normal"
435.0;31.7;"normal"
444.0;31.2;"normal"
495.0;31.0;"normal"
218.0;32.3;"normal"
185.0;31.3;"normal"
13.0;29.8;"normal"
14.0;26.9;"normal"
0.0;24.1;"normal"
18.0;27.6;"normal"
29.0;31.7;"normal"
99.0;34.6;"normal"
244.0;33.6;"normal"
369.0;32.5;"normal"
402.0;32.0;"normal"
274.0;33.0;"normal"
345.0;31.7;"normal"
191.0;30.6;"normal"
16.0;28.7;"normal"
2.0;25.6;"normal"
0.0;25.7;"normal"
20.0;27.8;"normal"
285.0;28.5;"normal"
356.0;31.1;"normal"
492.0;32.1;"normal"
333.0;32.3;"normal"
183.0;32.0;"normal"
410.0;33.1;"normal"
343.0;31.7;"normal"
235.0;30.4;"normal"
306.0;30.1;"normal"
1.0;26.5;"normal"
17.0;24.6;"normal"
74.0;28.2;"normal"
29.0;32.6;"normal"
227.0;32.3;"normal"
831.0;29.2;"normal"
382.0;31.3;"normal"
184.0;32.5;"normal"
215.0;32.9;"normal"
420.0;31.3;"normal"
245.0;30.8;"normal"
41.0;28.1;"normal"
163.0;24.6;"normal"
0.0;24.2;"normal"
40.0;25.0;"normal"
33.0;31.9;"normal"
117.0;34.7;"normal"
354.0;31.8;"normal"
238.0;32.7;"normal"
245.0;31.9;"normal"
345.0;32.8;"normal"
188.0;32.3;"normal"
179.0;31.1;"normal"
1.0;29.0;"normal"
1.0;25.5;"normal"
2.0;24.3;"normal"
83.0;28.2;"normal"
50.0;30.3;"normal"
143.0;32.4;"normal"
363.0;30.1;"normal"
748.0;31.0;"normal"
478.0;32.0;"normal"
369.0;31.9;"normal"
338.0;31.6;"normal"
113.0;31.3;"normal"
30.0;28.9;"normal"
0.0;27.2;"normal"
11.0;26.7;"normal"
43.0;26.2;"normal"
244.0;30.6;"normal"
162.0;32.2;"normal"
234.0;33.0;"normal"
186.0;32.0;"normal"
237.0;33.2;"normal"
365.0;32.3;"normal"
159.0;32.8;"normal"
132.0;31.3;"normal"
9.0;29.1;"normal"
0.0;26.5;"normal"
4.0;24.7;"normal"
32.0;26.6;"normal"
47.0;32.0;"normal"
80.0;34.3;"normal"
238.0;34.1;"normal"
569.0;32.4;"normal"
300.0;32.1;"normal"
433.0;32.1;"normal"
214.0;32.3;"normal"
116.0;32.0;"normal"
80.0;28.9;"normal"
0.0;26.3;"normal"
0.0;25.2;"normal"
38.0;28.7;"normal"
135.0;32.6;"normal"
109.0;33.4;"normal"
212.0;33.0;"normal"
427.0;32.5;"normal"
508.0;32.1;"normal"
167.0;32.1;"normal"
238.0;33.2;"normal"
171.0;32.1;"normal"
0.0;30.0;"normal"
0.0;27.6;"normal"
2.0;24.8;"normal"
19.0;25.7;"normal"
57.0;31.9;"normal"
74.0;30.6;"normal"
333.0;32.4;"normal"
416.0;32.3;"normal"
573.0;31.9;"normal"
186.0;32.6;"normal"
395.0;31.1;"normal"
65.0;31.6;"normal"
1.0;30.3;"normal"
28.0;24.3;"normal"
12.0;23.0;"normal"
1.0;28.0;"normal"
103.0;29.6;"normal"
196.0;32.0;"normal"
229.0;32.5;"normal"
247.0;33.3;"normal"
508.0;31.3;"normal"
250.0;32.4;"normal"
204.0;33.4;"normal"
95.0;32.9;"normal"
79.0;30.8;"normal"
0.0;28.0;"normal"
0.0;27.1;"normal"
0.0;30.8;"normal"
26.0;33.8;"normal"
9.0;35.9;"normal"
433.0;32.2;"normal"
275.0;32.2;"normal"
457.0;32.3;"normal"
259.0;32.3;"normal"
307.0;32.3;"normal"
349.0;31.9;"normal"
0.0;30.7;"normal"
1.0;28.1;"normal"
49.0;25.4;"normal"
31.0;26.0;"normal"
224.0;30.0;"normal"
318.0;32.3;"normal"
823.0;30.9;"normal"
464.0;32.1;"normal"
189.0;32.9;"normal"
490.0;32.2;"normal"
273.0;31.7;"normal"
298.0;31.5;"normal"
2.0;29.5;"normal"
0.0;27.3;"normal"
0.0;25.3;"normal"
131.0;28.9;"normal"
100.0;32.2;"normal"
154.0;33.6;"normal"
504.0;31.2;"normal"
747.0;31.8;"normal"
302.0;32.7;"normal"
405.0;33.7;"normal"
208.0;33.2;"normal"
304.0;31.7;"normal"
55.0;29.1;"normal"
0.0;26.7;"normal"
15.0;25.6;"normal"
0.0;29.3;"normal"
147.0;31.7;"normal"
383.0;31.5;"normal"
572.0;30.6;"normal"
529.0;31.6;"normal"
541.0;31.4;"normal"
464.0;32.7;"normal"
307.0;33.4;"normal"
117.0;31.7;"normal"
90.0;29.7;"normal"
0.0;26.9;"normal"
0.0;23.8;"normal"
4.0;28.5;"normal"
65.0;29.7;"normal"
215.0;32.2;"normal"
367.0;32.3;"normal"
640.0;30.8;"normal"
231.0;32.9;"normal"
204.0;40.0;"outlier"
268.0;32.3;"normal"
247.0;31.1;"normal"
0.0;40.0;"outlier"
54.0;40.0;"outlier"
0.0;23.9;"normal"
0.0;28.6;"normal"
10.0;40.0;"outlier"
657.0;30.3;"normal"
447.0;40.0;"outlier"
458.0;40.0;"outlier"
889.0;40.0;"outlier"
184.0;40.0;"outlier"
331.0;30.4;"normal"
80.0;30.7;"normal"
0.0;29.2;"normal"
0.0;27.1;"normal"
0.0;25.0;"normal"
71.0;28.9;"normal"
162.0;30.5;"normal"
155.0;32.8;"normal"
615.0;31.6;"normal"
294.0;33.4;"normal"
330.0;32.3;"normal"
268.0;32.3;"normal"
320.0;33.0;"normal"
159.0;31.7;"normal"
0.0;29.6;"normal"
1.0;28.0;"normal"
0.0;25.7;"normal"
3.0;31.0;"normal"
1.0;33.6;"normal"
195.0;33.0;"normal"
364.0;32.1;"normal"
478.0;31.6;"normal"
271.0;32.8;"normal"
325.0;33.5;"normal"
165.0;32.0;"normal"
150.0;32.2;"normal"
15.0;29.2;"normal"
0.0;27.0;"normal"
0.0;24.6;"normal"
68.0;27.0;"normal"
69.0;30.7;"normal"
293.0;31.3;"normal"
214.0;33.4;"normal"
622.0;31.4;"normal"
245.0;31.5;"normal"
362.0;32.4;"normal"
333.0;32.0;"normal"
152.0;31.5;"normal"
159.0;29.4;"normal"
0.0;25.8;"normal"
32.0;24.4;"normal"
24.0;26.1;"normal"
39.0;30.9;"normal"
42.0;34.3;"normal"
296.0;33.4;"normal"
281.0;32.0;"normal"
319.0;31.8;"normal"
411.0;31.9;"normal"
158.0;32.8;"normal"
273.0;30.8;"normal"
0.0;29.7;"normal"
0.0;26.5;"normal"
0.0;26.167741935483875;"normal"
1.0;29.882142857142863;"normal"
47.0;33.04516129032258;"normal"
138.0;33.256666666666675;"normal"
713.0;32.36451612903226;"normal"
374.0;32.836666666666666;"normal"
331.0;32.83225806451613;"normal"
433.0;32.51612903225808;"normal"
333.0;33.29;"normal"
69.0;32.29677419354839;"normal"
13.0;30.226666666666667;"normal"
0.0;26.687096774193545;"normal"
0.0;25.522580645161295;"normal"
0.0;29.689285714285717;"normal"
48.0;34.65161290322581;"normal"
228.0;33.790000000000006;"normal"
560.0;32.383870967741935;"normal"
440.0;31.63;"normal"
217.0;33.00322580645162;"normal"
311.0;33.083870967741944;"normal"
229.0;31.983333333333338;"normal"
203.0;32.13225806451613;"normal"
1.0;30.09333333333334;"normal"
53.0;26.58709677419355;"normal"
6.0;23.687096774193552;"normal"
7.0;28.810714285714294;"normal"
56.0;31.267741935483873;"normal"
96.0;33.226666666666674;"normal"
595.0;32.164516129032265;"normal"
401.0;32.326666666666675;"normal"
401.0;32.49677419354839;"normal"
307.0;32.42903225806451;"normal"
108.0;33.250000000000014;"normal"
73.0;32.95806451612903;"normal"
0.0;30.083333333333336;"normal"
0.0;25.88064516129032;"normal"
0.0;26.690322580645162;"normal"
194.0;27.90344827586206;"normal"
43.0;32.03225806451613;"normal"
293.0;32.97666666666667;"normal"
240.0;31.88709677419355;"normal"
619.0;32.21666666666667;"normal"
1045.0;30.358064516129033;"normal"
347.0;31.187096774193556;"normal"
388.0;31.466666666666665;"normal"
219.0;30.829032258064515;"normal"
14.0;28.48666666666666;"normal"
0.0;26.619354838709675;"normal"
0.0;26.883870967741938;"normal"
0.0;28.403571428571432;"normal"
112.0;33.089285714285715;"normal"
494.0;30.531034482758624;"normal"
665.0;31.032258064516128;"normal"
884.0;30.88;"normal"
747.0;30.519354838709678;"normal"
661.0;30.64827586206896;"normal"
294.0;31.490000000000002;"normal"
148.0;32.032258064516135;"normal"
0.0;29.44666666666667;"normal"
0.0;25.903225806451612;"normal"
0.0;27.10645161290322;"normal"
19.0;27.04285714285714;"normal"
26.0;32.212903225806464;"normal"
28.0;33.29333333333333;"normal"
257.0;33.28064516129032;"normal"
421.0;30.18571428571428;"normal"
266.0;30.029032258064515;"normal"
530.0;28.18333333333333;"normal"
183.0;31.266666666666662;"normal"
297.0;29.149999999999995;"normal"
258.0;26.740000000000002;"normal"
0.0;24.32903225806452;"normal"
0.0;23.532258064516128;"normal"
0.0;27.08571428571429;"normal"
23.0;30.174193548387098;"normal"
212.0;30.89333333333333;"normal"
200.0;31.36774193548387;"normal"
539.0;29.823333333333334;"normal"
857.0;29.461290322580645;"normal"
596.0;30.390322580645158;"normal"
401.0;30.49666666666667;"normal"
427.0;29.203333333333337;"normal"
55.0;26.96666666666666;"normal"
0.0;25.2741935483871;"normal"
10.0;23.89;"normal"
0.0;27.231034482758623;"normal"
18.0;28.56129032258065;"normal"
471.0;30.96551724137931;"normal"
541.0;30.758620689655178;"normal"
899.0;30.816666666666663;"normal"
644.0;29.90967741935484;"normal"
419.0;30.448387096774194;"normal"
570.0;29.629999999999995;"normal"
422.0;29.7516129032258;"normal"
133.0;27.430000000000003;"normal"
0.0;24.158064516129038;"normal"
2.0;23.10666666666667;"normal"
2.0;27.178571428571434;"normal"
29.0;29.71935483870968;"normal"
20.0;32.34333333333333;"normal"
225.0;32.133333333333326;"normal"
661.0;31.266666666666662;"normal"
612.0;30.545161290322575;"normal"
370.0;31.693548387096772;"normal"
493.0;31.529999999999998;"normal"
147.0;30.856666666666666;"normal"
0.0;28.42;"normal"
42.0;29.11935483870968;"normal"
6.0;25.3483870967742;"normal"
44.0;30.41481481481482;"normal"
70.0;33.45161290322581;"normal"
106.0;33.58;"normal"
183.0;33.20333333333334;"normal"
979.0;29.46999999999999;"normal"
389.0;30.376666666666665;"normal"
376.0;31.127586206896552;"normal"
264.0;32.443333333333335;"normal"
238.0;31.160000000000004;"normal"
0.0;28.63666666666667;"normal"
0.0;26.583333333333332;"normal"
0.0;26.506451612903234;"normal"
0.0;29.388888888888896;"normal"
88.0;33.187096774193556;"normal"
69.0;33.81333333333334;"normal"
302.0;32.97;"normal"
270.0;31.37586206896552;"normal"
663.0;29.86666666666667;"normal"
329.0;30.516666666666666;"normal"
246.0;32.057142857142864;"normal"
55.0;31.28387096774194;"normal"
148.0;28.97666666666667;"normal"
0.0;26.290322580645157;"normal"
8.0;26.58064516129032;"normal"
3.0;29.041379310344826;"normal"
74.0;32.490322580645156;"normal"
94.0;34.936666666666675;"normal"
227.0;32.0516129032258;"normal"
803.0;29.763333333333335;"normal"
423.0;31.225806451612904;"normal"
387.0;31.206451612903226;"normal"
444.0;31.219999999999995;"normal"
141.0;32.15806451612904;"normal"
23.0;29.523333333333326;"normal"
0.0;27.06451612903225;"normal"
52.0;25.876666666666658;"normal"
57.0;26.964285714285722;"normal"
8.0;32.38275862068966;"normal"
69.0;35.44642857142858;"normal"
125.0;33.48064516129032;"normal"
374.0;31.743333333333332;"normal"
384.0;30.816129032258075;"normal"
154.0;32.05161290322581;"normal"
366.0;32.086666666666666;"normal"
42.0;31.54193548387097;"normal"
0.0;29.770000000000003;"normal"
1.0;27.46129032258064;"normal"
3.0;28.266666666666662;"normal"
91.0;27.811538461538458;"normal"
44.0;33.86333333333333;"normal"
118.0;34.65517241379311;"normal"
240.0;32.877419354838715;"normal"
233.0;32.86551724137931;"normal"
251.0;31.948387096774198;"normal"
771.0;31.106451612903225;"normal"
239.0;32.339999999999996;"normal"
255.0;31.790322580645164;"normal"
5.0;30.406666666666663;"normal"
0.0;27.180645161290332;"normal"
37.0;25.90967741935483;"normal"
66.0;27.167857142857144;"normal"
153.0;31.570967741935483;"normal"
108.0;33.28666666666666;"normal"
270.0;32.58387096774193;"normal"
336.0;31.246666666666663;"normal"
396.0;31.27;"normal"
581.0;31.135483870967736;"normal"
207.0;30.610344827586207;"normal"
311.0;30.316129032258072;"normal"
0.0;28.746666666666655;"normal"
0.0;26.9483870967742;"normal"
0.0;26.458064516129035;"normal"
0.0;31.131034482758615;"normal"
35.0;31.9258064516129;"normal"
38.0;36.03448275862069;"normal"
353.0;34.380645161290325;"normal"
373.0;31.665517241379305;"normal"
591.0;30.04516129032259;"normal"
334.0;31.841935483870962;"normal"
454.0;31.383333333333336;"normal"
153.0;31.129032258064527;"normal"
62.0;28.586666666666652;"normal"
0.0;27.467741935483886;"normal"
1.0;26.5;"normal"
12.0;26.5;"normal"
21.0;32.7;"normal"
116.0;34.4;"normal"
182.0;33.1;"normal"
639.0;31.5;"normal"
382.0;31.4;"normal"
577.0;31.4;"normal"
114.0;31.6;"normal"
134.0;31.6;"normal"
0.0;28.9;"normal"
0.0;25.8;"normal"
12.0;25.6;"normal"
12.0;28.2;"normal"
5.0;33.6;"normal"
189.0;33.8;"normal"
237.0;33.0;"normal"
446.0;31.3;"normal"
456.0;32.3;"normal"
230.0;31.6;"normal"
98.0;32.8;"normal"
231.0;30.9;"normal"
0.0;29.2;"normal"
1900.0;27.0;"outlier"
1900.0;40.0;"outlier"
1900.0;40.0;"outlier"
1900.0;40.0;"outlier"
1900.0;40.0;"outlier"
1900.0;40.0;"outlier"
1900.0;40.0;"outlier"
1900.0;40.0;"outlier"
1900.0;40.0;"outlier"
1900.0;40.0;"outlier"
1900.0;40.0;"outlier"
1900.0;40.0;"outlier"
1900.0;40.0;"outlier"
20.0;24.9;"normal"
30.0;28.9;"normal"
29.0;33.1;"normal"
121.0;32.5;"normal"
343.0;32.6;"normal"
544.0;31.2;"normal"
816.0;29.7;"normal"
540.0;31.4;"normal"
428.0;31.9;"normal"
533.0;30.8;"normal"
28.0;29.2;"normal"
0.0;27.2;"normal"
0.0;26.0;"normal"
0.0;28.4;"normal"
14.0;31.4;"normal"
0.0;33.7;"normal"
53.0;33.5;"normal"
717.0;31.5;"normal"
595.0;30.9;"normal"
810.0;30.1;"normal"
329.0;31.4;"normal"
49.0;31.7;"normal"
99.0;29.9;"normal"
14.0;26.7;"normal"
14.0;25.8;"normal"
1900.0;30.2;"outlier"
29.0;33.1;"normal"
1900.0;35.4;"outlier"
127.0;35.2;"normal"
641.0;30.6;"normal"
315.0;31.2;"normal"
1900.0;30.7;"outlier"
540.0;31.2;"normal"
348.0;30.3;"normal"
28.0;29.6;"normal"
58.0;25.0;"normal"
1900.0;40.0;"outlier"
1900.0;40.0;"outlier"
1900.0;40.0;"outlier"
191.0;40.0;"outlier"
186.0;40.0;"outlier"
1900.0;40.0;"outlier"
1900.0;40.0;"outlier"
295.0;40.0;"outlier"
443.0;40.0;"outlier"
272.0;40.0;"outlier"
1900.0;40.0;"outlier"
0.0;40.0;"outlier"
0.0;40.0;"outlier"
1900.0;40.0;"outlier"
45.0;40.0;"outlier"
1900.0;40.0;"outlier"
1900.0;40.0;"outlier"
524.0;40.0;"outlier"
498.0;40.0;"outlier"
442.0;40.0;"outlier"
185.0;40.0;"outlier"
1900.0;40.0;"outlier"
10.0;40.0;"outlier"
1900.0;40.0;"outlier"
0.0;25.5;"normal"
0.0;29.5;"normal"
57.0;32.5;"normal"
237.0;33.3;"normal"
41.0;34.2;"normal"
782.0;30.7;"normal"
559.0;30.7;"normal"
1900.0;29.9;"outlier"
366.0;31.8;"normal"
26.0;31.9;"normal"
27.0;29.3;"normal"
0.0;27.6;"normal"
20.0;25.5;"normal"
9.0;28.8;"normal"
63.0;31.6;"normal"
1900.0;33.5;"outlier"
1900.0;33.3;"outlier"
129.0;31.8;"normal"
546.0;30.5;"normal"
240.0;31.4;"normal"
37.0;31.8;"normal"
284.0;30.5;"normal"
74.0;29.4;"normal"
1900.0;40.0;"outlier"
1900.0;25.5;"outlier"
10.0;28.2;"normal"
1900.0;32.7;"outlier"
1900.0;40.0;"outlier"
1900.0;33.5;"outlier"
1900.0;31.4;"outlier"
291.0;30.2;"normal"
307.0;30.1;"normal"
1900.0;32.2;"outlier"
166.0;30.4;"normal"
57.0;29.2;"normal"
1900.0;40.0;"outlier"
0.0;40.0;"normal"
0.0;40.0;"normal"
1900.0;32.7;"outlier"
117.0;32.7;"normal"
252.0;32.8;"normal"
369.0;32.1;"normal"
206.0;32.1;"normal"
385.0;30.6;"normal"
69.0;32.6;"normal"
57.0;32.6;"normal"
1.0;30.5;"normal"
0.0;27.5;"normal"
10.0;25.4;"normal"
30.0;26.2;"normal"
53.0;29.8;"normal"
72.0;29.3;"normal"
445.0;31.2;"normal"
489.0;30.9;"normal"
1900.0;31.6;"outlier"
138.0;31.1;"normal"
127.0;30.5;"normal"
198.0;30.7;"normal"
160.0;28.1;"normal"
0.0;24.8;"normal"
0.0;25.0;"normal"
0.0;27.8;"normal"
84.0;31.0;"normal"
234.0;31.2;"normal"
1900.0;31.7;"outlier"
488.0;30.8;"normal"
763.0;29.1;"normal"
271.0;30.4;"normal"
442.0;31.0;"normal"
150.0;31.4;"normal"
65.0;30.3;"normal"
0.0;25.8;"normal"
0.0;25.3;"normal"
43.0;30.5;"normal"
6.0;32.7;"normal"
84.0;32.6;"normal"
194.0;32.3;"normal"
259.0;31.8;"normal"
516.0;30.0;"normal"
143.0;31.3;"normal"
258.0;30.4;"normal"
182.0;30.6;"normal"
128.0;27.6;"normal"
0.0;25.5;"normal"
0.0;25.4;"normal"
10.0;27.8;"normal"
49.0;31.4;"normal"
44.0;32.6;"normal"
266.0;31.3;"normal"
521.0;29.5;"normal"
517.0;30.0;"normal"
435.0;30.3;"normal"
17.0;31.3;"normal"
96.0;30.4;"normal"
10.0;29.6;"normal"
0.0;26.0;"normal"
0.0;24.8;"normal"
78.0;27.5;"normal"
7.0;31.3;"normal"
359.0;29.1;"normal"
392.0;30.3;"normal"
417.0;29.8;"normal"
435.0;30.4;"normal"
116.0;31.2;"normal"
149.0;31.8;"normal"
132.0;30.4;"normal"
35.0;28.9;"normal"
5.0;26.2;"normal"
1900.0;40.0;"outlier"
1900.0;40.0;"outlier"
1900.0;40.0;"outlier"
1900.0;40.0;"outlier"
1900.0;40.0;"outlier"
1900.0;40.0;"outlier"
1900.0;40.0;"outlier"
1900.0;40.0;"outlier"
1900.0;40.0;"outlier"
1900.0;40.0;"outlier"
1900.0;40.0;"outlier"
1900.0;40.0;"outlier"
7.0;26.9;"normal"
8.0;26.6;"normal"
35.0;31.8;"normal"
20.0;33.5;"normal"
26.0;33.9;"normal"
173.0;33.1;"normal"
167.0;30.8;"normal"
486.0;30.7;"normal"
344.0;31.0;"normal"
157.0;31.2;"normal"
29.0;31.0;"normal"
9.0;25.8;"normal"
0.0;25.1;"normal"
41.0;27.3;"normal"
50.0;30.5;"normal"
82.0;33.2;"normal"
429.0;31.1;"normal"
195.0;30.9;"normal"
472.0;30.7;"normal"
428.0;30.9;"normal"
219.0;31.3;"normal"
175.0;30.5;"normal"
0.0;30.0;"normal"
2.0;27.3;"normal"
16.0;25.1;"normal"
13.0;26.5;"normal"
101.0;29.4;"normal"
470.0;28.7;"normal"
383.0;30.4;"normal"
315.0;30.7;"normal"
511.0;29.2;"normal"
250.0;31.3;"normal"
112.0;31.8;"normal"
0.0;31.8;"normal"
0.0;30.3;"normal"
27.0;25.6;"normal"
0.0;26.4;"normal"
12.0;27.0;"normal"
7.0;29.8;"normal"
232.0;31.4;"normal"
358.0;33.7;"normal"
593.0;30.3;"normal"
219.0;31.4;"normal"
519.0;30.6;"normal"
194.0;31.4;"normal"
19.0;31.4;"normal"
32.0;28.2;"normal"
0.0;25.9;"normal"
14.0;40.0;"outlier"
25.0;28.3;"normal"
98.0;29.9;"normal"
93.0;31.2;"normal"
290.0;31.7;"normal"
195.0;31.8;"normal"
396.0;31.6;"normal"
518.0;31.2;"normal"
403.0;31.6;"normal"
221.0;31.1;"normal"
17.0;30.2;"normal"
16.0;25.8;"normal"
12.0;24.9;"normal"
5.0;26.9;"normal"
0.0;32.6;"normal"
98.0;33.6;"normal"
635.0;31.0;"normal"
428.0;31.7;"normal"
391.0;30.3;"normal"
449.0;31.4;"normal"
233.0;31.0;"normal"
186.0;31.7;"normal"
0.0;30.1;"normal"
2.0;27.2;"normal"
3.0;26.2;"normal"
6.0;27.9;"normal"
75.0;31.3;"normal"
151.0;32.6;"normal"
301.0;32.2;"normal"
264.0;32.3;"normal"
208.0;30.5;"normal"
345.0;31.8;"normal"
266.0;31.7;"normal"
22.0;32.2;"normal"
0.0;29.7;"normal"
0.0;27.7;"normal"
5.0;25.8;"normal"
0.0;28.5;"normal"
2.0;32.9;"normal"
231.0;31.8;"normal"
242.0;33.0;"normal"
165.0;33.0;"normal"
389.0;31.3;"normal"
244.0;32.5;"normal"
369.0;31.4;"normal"
208.0;31.0;"normal"
137.0;29.5;"normal"
0.0;27.0;"normal"
0.0;26.3;"normal"
0.0;28.7;"normal"
45.0;30.8;"normal"
212.0;31.7;"normal"
117.0;33.7;"normal"
1900.0;32.4;"outlier"
429.0;30.5;"normal"
350.0;30.9;"normal"
354.0;31.4;"normal"
156.0;32.2;"normal"
58.0;29.8;"normal"
13.0;27.1;"normal"
0.0;26.5;"normal"
17.0;28.8;"normal"
33.0;30.8;"normal"
10.0;32.7;"normal"
470.0;31.8;"normal"
379.0;31.2;"normal"
415.0;30.8;"normal"
423.0;30.6;"normal"
216.0;31.7;"normal"
227.0;31.7;"normal"
59.0;29.9;"normal"
0.0;27.2;"normal"
0.0;24.3;"normal"
18.0;27.6;"normal"
18.0;31.5;"normal"
70.0;32.3;"normal"
183.0;33.6;"normal"
342.0;31.8;"normal"
332.0;31.1;"normal"
77.0;32.2;"normal"
239.0;31.4;"normal"
160.0;30.2;"normal"
0.0;29.1;"normal"
0.0;26.5;"normal"
0.0;26.0;"normal"
21.0;28.3;"normal"
179.0;28.2;"normal"
228.0;31.0;"normal"
331.0;32.4;"normal"
333.0;31.7;"normal"
303.0;30.6;"normal"
252.0;32.4;"normal"
227.0;31.9;"normal"
239.0;30.4;"normal"
71.0;30.4;"normal"
27.0;26.7;"normal"
11.0;24.4;"normal"
50.0;28.3;"normal"
229.0;33.2;"normal"
270.0;32.7;"normal"
439.0;30.9;"normal"
331.0;30.6;"normal"
394.0;31.7;"normal"
409.0;31.7;"normal"
377.0;30.6;"normal"
240.0;30.9;"normal"
50.0;27.9;"normal"
114.0;25.6;"normal"
0.0;24.3;"normal"
63.0;25.4;"normal"
0.0;30.8;"normal"
10.0;33.9;"normal"
154.0;33.0;"normal"
298.0;32.9;"normal"
259.0;31.6;"normal"
128.0;32.9;"normal"
128.0;32.4;"normal"
197.0;32.2;"normal"
2.0;30.1;"normal"
1.0;26.4;"normal"
1.0;25.5;"normal"
129.0;28.3;"normal"
81.0;30.0;"normal"
174.0;32.4;"normal"
642.0;31.2;"normal"
506.0;31.3;"normal"
540.0;31.0;"normal"
287.0;31.0;"normal"
245.0;31.5;"normal"
219.0;31.6;"normal"
40.0;29.5;"normal"
0.0;27.3;"normal"
10.0;26.1;"normal"
11.0;26.1;"normal"
124.0;30.4;"normal"
150.0;32.6;"normal"
185.0;33.4;"normal"
431.0;31.7;"normal"
116.0;32.2;"normal"
245.0;31.9;"normal"
91.0;32.4;"normal"
20.0;32.0;"normal"
1.0;29.7;"normal"
0.0;27.2;"normal"
0.0;24.9;"normal"
29.0;27.2;"normal"
12.0;31.8;"normal"
114.0;32.4;"normal"
318.0;32.9;"normal"
329.0;31.9;"normal"
529.0;30.8;"normal"
452.0;32.0;"normal"
124.0;31.8;"normal"
48.0;32.2;"normal"
147.0;27.9;"normal"
0.0;26.8;"normal"
12.0;25.2;"normal"
0.0;28.4;"normal"
114.0;31.5;"normal"
102.0;32.6;"normal"
449.0;33.5;"normal"
392.0;32.1;"normal"
308.0;31.6;"normal"
146.0;31.0;"normal"
178.0;32.8;"normal"
322.0;31.4;"normal"
12.0;29.9;"normal"
1.0;27.4;"normal"
8.0;24.8;"normal"
11.0;26.5;"normal"
117.0;30.9;"normal"
160.0;30.0;"normal"
199.0;33.2;"normal"
350.0;31.9;"normal"
664.0;31.3;"normal"
270.0;32.2;"normal"
277.0;31.4;"normal"
47.0;31.2;"normal"
1.0;30.1;"normal"
30.0;24.8;"normal"
27.0;22.7;"normal"
54.0;27.4;"normal"
109.0;28.8;"normal"
249.0;31.4;"normal"
342.0;32.4;"normal"
100.0;33.0;"normal"
854.0;30.4;"normal"
336.0;30.7;"normal"
281.0;32.3;"normal"
48.0;32.6;"normal"
118.0;30.5;"normal"
0.0;27.5;"normal"
0.0;26.3;"normal"
0.0;29.5;"normal"
2.0;31.9;"normal"
7.0;34.3;"normal"
229.0;32.0;"normal"
350.0;31.6;"normal"
892.0;31.0;"normal"
371.0;30.9;"normal"
365.0;31.2;"normal"
292.0;31.3;"normal"
43.0;30.1;"normal"
0.0;27.6;"normal"
45.0;25.5;"normal"
52.0;26.0;"normal"
121.0;30.1;"normal"
212.0;32.2;"normal"
554.0;31.9;"normal"
295.0;32.1;"normal"
182.0;32.1;"normal"
319.0;32.0;"normal"
106.0;32.2;"normal"
155.0;31.8;"normal"
3.0;30.1;"normal"
0.0;27.2;"normal"
0.0;25.1;"normal"
13.0;28.7;"normal"
6.0;31.8;"normal"
54.0;33.8;"normal"
300.0;31.6;"normal"
590.0;30.9;"normal"
184.0;32.0;"normal"
312.0;33.0;"normal"
258.0;32.5;"normal"
161.0;32.3;"normal"
72.0;29.2;"normal"
0.0;26.4;"normal"
29.0;25.9;"normal"
0.0;28.5;"normal"
72.0;31.2;"normal"
91.0;31.7;"normal"
344.0;32.2;"normal"
316.0;32.0;"normal"
766.0;31.2;"normal"
223.0;32.0;"normal"
129.0;33.3;"normal"
83.0;31.8;"normal"
83.0;29.2;"normal"
0.0;26.7;"normal"
2.0;23.1;"normal"
50.0;27.9;"normal"
128.0;29.5;"normal"
132.0;33.1;"normal"
141.0;33.5;"normal"
673.0;30.8;"normal"
290.0;32.1;"normal"
131.0;32.8;"normal"
97.0;32.6;"normal"
129.0;31.8;"normal"
3.0;29.8;"normal"
49.0;26.4;"normal"
0.0;24.0;"normal"
4.0;27.8;"normal"
6.0;30.8;"normal"
175.0;31.6;"normal"
186.0;34.0;"normal"
654.0;32.0;"normal"
311.0;31.6;"normal"
183.0;32.6;"normal"
686.0;30.9;"normal"
218.0;30.9;"normal"
1.0;29.5;"normal"
0.0;27.3;"normal"
6.0;24.8;"normal"
2.0;28.6;"normal"
249.0;30.5;"normal"
157.0;33.5;"normal"
193.0;33.1;"normal"
259.0;33.4;"normal"
403.0;31.8;"normal"
410.0;31.5;"normal"
395.0;32.5;"normal"
349.0;31.2;"normal"
0.0;29.3;"normal"
1.0;27.6;"normal"
0.0;25.6;"normal"
0.0;30.2;"normal"
0.0;32.0;"normal"
117.0;33.2;"normal"
607.0;33.1;"normal"
402.0;32.6;"normal"
151.0;32.0;"normal"
226.0;32.9;"normal"
300.0;32.0;"normal"
94.0;32.1;"normal"
1.0;29.1;"normal"
0.0;27.0;"normal"
0.0;24.4;"normal"
20.0;26.9;"normal"
21.0;30.2;"normal"
179.0;32.0;"normal"
153.0;33.6;"normal"
548.0;31.9;"normal"
654.0;30.7;"normal"
221.0;32.2;"normal"
339.0;31.7;"normal"
280.0;31.4;"normal"
82.0;29.1;"normal"
0.0;25.9;"normal"
30.0;24.8;"normal"
11.0;25.9;"normal"
26.0;30.6;"normal"
34.0;33.5;"normal"
282.0;33.8;"normal"
330.0;31.6;"normal"
457.0;31.0;"normal"
375.0;31.7;"normal"
247.0;32.7;"normal"
265.0;30.9;"normal"
0.0;29.8;"normal"
0.0;26.5;"normal"
0.0;26.009677419354833;"normal"
0.0;28.85;"normal"
3.0;31.687096774193552;"normal"
48.0;33.766666666666666;"normal"
295.0;33.9741935483871;"normal"
235.0;33.36666666666666;"normal"
573.0;31.76451612903226;"normal"
427.0;32.470967741935475;"normal"
145.0;33.17;"normal"
98.0;32.15483870967742;"normal"
0.0;30.339999999999996;"normal"
0.0;26.109677419354835;"normal"
0.0;24.548387096774196;"normal"
13.0;28.142857142857142;"normal"
30.0;32.04838709677419;"normal"
23.0;33.27666666666667;"normal"
343.0;33.46451612903226;"normal"
417.0;31.870000000000005;"normal"
94.0;32.7;"normal"
125.0;33.39354838709677;"normal"
241.0;32.79333333333334;"normal"
277.0;32.31612903225807;"normal"
0.0;30.196666666666665;"normal"
15.0;26.361290322580643;"normal"
0.0;24.06129032258065;"normal"
0.0;28.29285714285714;"normal"
28.0;30.790322580645167;"normal"
76.0;32.519999999999996;"normal"
351.0;33.14516129032259;"normal"
346.0;32.236666666666665;"normal"
273.0;31.990322580645163;"normal"
501.0;31.370967741935484;"normal"
233.0;32.24666666666667;"normal"
76.0;32.648387096774194;"normal"
0.0;29.65333333333334;"normal"
0.0;25.193548387096772;"normal"
0.0;40.0;"outlier"
0.0;40.0;"outlier"
0.0;40.0;"outlier"
0.0;40.0;"outlier"
0.0;40.0;"outlier"
0.0;40.0;"outlier"
0.0;40.0;"outlier"
297.0;32.379999999999995;"normal"
354.0;33.19999999999999;"normal"
147.0;31.83225806451612;"normal"
0.0;29.88333333333333;"normal"
0.0;26.433333333333334;"normal"
0.0;28.064516129032267;"normal"
3.0;28.75714285714285;"normal"
18.0;35.13333333333333;"normal"
2.0;36.127586206896545;"normal"
158.0;33.809677419354834;"normal"
206.0;33.52000000000001;"normal"
230.0;32.20666666666668;"normal"
205.0;31.435483870967737;"normal"
322.0;33.4103448275862;"normal"
172.0;32.47096774193549;"normal"
0.0;29.766666666666666;"normal"
0.0;26.983870967741936;"normal"
0.0;26.829032258064515;"normal"
39.0;27.33571428571429;"normal"
105.0;30.86129032258065;"normal"
8.0;33.78666666666667;"normal"
253.0;33.383870967741935;"normal"
359.0;31.751851851851846;"normal"
288.0;31.638709677419353;"normal"
412.0;30.506451612903223;"normal"
174.0;30.70384615384615;"normal"
389.0;30.54666666666667;"normal"
0.0;28.01;"normal"
49.0;26.65483870967742;"normal"
0.0;26.470967741935493;"normal"
0.0;30.955172413793104;"normal"
10.0;33.07741935483871;"normal"
0.0;37.223333333333336;"normal"
184.0;35.79354838709677;"normal"
419.0;32.69333333333333;"normal"
930.0;29.961290322580655;"normal"
178.0;32.28709677419355;"normal"
344.0;32.43;"normal"
139.0;31.583870967741934;"normal"
17.0;29.31666666666666;"normal"
4.0;27.5741935483871;"normal"
2.0;27.6;"normal"
0.0;27.5;"normal"
18.0;33.5;"normal"
49.0;34.9;"normal"
135.0;34.9;"normal"
1081.0;31.1;"normal"
857.0;30.9;"normal"
660.0;31.7;"normal"
286.0;32.6;"normal"
294.0;32.1;"normal"
4.0;29.0;"normal"
0.0;25.9;"normal"
7.0;25.7;"normal"
1.0;28.8;"normal"
2.0;34.6;"normal"
92.0;35.1;"normal"
210.0;34.4;"normal"
542.0;31.3;"normal"
285.0;32.7;"normal"
530.0;31.7;"normal"
472.0;33.5;"normal"
188.0;31.2;"normal"
0.0;29.6;"normal"
0.0;27.7;"normal"
0.0;28.2;"normal"
0.0;32.4;"normal"
25.0;34.1;"normal"
324.0;32.6;"normal"
317.0;32.0;"normal"
773.0;29.7;"normal"
950.0;30.5;"normal"
240.0;32.4;"normal"
168.0;33.6;"normal"
218.0;31.7;"normal"
0.0;29.4;"normal"
0.0;27.4;"normal"
0.0;26.8;"normal"
1.0;30.4;"normal"
50.0;34.7;"normal"
158.0;32.4;"normal"
133.0;32.6;"normal"
1900.0;32.2;"outlier"
412.0;30.5;"normal"
412.0;40.0;"outlier"
387.0;40.0;"outlier"
412.0;40.0;"outlier"
63.0;30.4;"normal"
88.0;40.0;"outlier"
0.0;27.0;"normal"
4.0;28.7;"normal"
83.0;32.3;"normal"
35.0;34.4;"normal"
239.0;34.6;"normal"
681.0;31.3;"normal"
549.0;30.5;"normal"
402.0;30.2;"normal"
263.0;32.5;"normal"
231.0;31.5;"normal"
8.0;29.9;"normal"
49.0;26.9;"normal"
1900.0;26.6;"outlier"
0.0;31.6;"normal"
34.0;33.6;"normal"
44.0;35.6;"normal"
183.0;34.7;"normal"
536.0;30.2;"normal"
503.0;32.1;"normal"
287.0;31.7;"normal"
216.0;32.5;"normal"
221.0;31.2;"normal"
25.0;30.8;"normal"
110.0;26.3;"normal"
1900.0;26.7;"outlier"
1900.0;31.0;"outlier"
1900.0;32.3;"outlier"
1900.0;34.3;"outlier"
1900.0;34.6;"outlier"
1900.0;34.2;"outlier"
1900.0;32.4;"outlier"
1900.0;33.1;"outlier"
1900.0;32.7;"outlier"
1900.0;32.0;"outlier"
1900.0;29.5;"outlier"
1900.0;27.7;"outlier"
1900.0;27.3;"outlier"
1900.0;29.4;"outlier"
1900.0;34.3;"outlier"
1900.0;34.6;"outlier"
1900.0;33.4;"outlier"
1900.0;31.3;"outlier"
1900.0;32.0;"outlier"
1900.0;32.7;"outlier"
1900.0;33.4;"outlier"
1900.0;32.3;"outlier"
1900.0;29.7;"outlier"
1900.0;28.1;"outlier"
0.0;27.0;"normal"
0.0;31.1;"normal"
47.0;33.8;"normal"
194.0;35.2;"normal"
657.0;32.1;"normal"
1900.0;34.9;"outlier"
329.0;31.5;"normal"
740.0;30.4;"normal"
326.0;32.5;"normal"
50.0;31.6;"normal"
41.0;29.2;"normal"
0.0;27.1;"normal"
6.0;25.6;"normal"
54.0;29.1;"normal"
15.0;32.6;"normal"
38.0;34.3;"normal"
111.0;33.9;"normal"
274.0;31.7;"normal"
1276.0;29.9;"normal"
326.0;30.7;"normal"
200.0;30.7;"normal"
155.0;30.3;"normal"
109.0;28.1;"normal"
0.0;27.2;"normal"
5.0;26.3;"normal"
0.0;29.1;"normal"
0.0;34.2;"normal"
103.0;31.6;"normal"
133.0;32.3;"normal"
693.0;29.9;"normal"
399.0;29.0;"normal"
507.0;29.1;"normal"
164.0;32.1;"normal"
72.0;31.4;"normal"
41.0;28.9;"normal"
1.0;27.3;"normal"
0.0;27.3;"normal"
2.0;27.9;"normal"
0.0;33.5;"normal"
37.0;34.2;"normal"
105.0;34.7;"normal"
450.0;31.6;"normal"
315.0;31.0;"normal"
309.0;29.8;"normal"
100.0;32.9;"normal"
53.0;32.2;"normal"
4.0;30.5;"normal"
0.0;27.5;"normal"
0.0;27.8;"normal"
0.0;30.4;"normal"
35.0;33.2;"normal"
181.0;34.8;"normal"
377.0;31.8;"normal"
453.0;31.0;"normal"
608.0;30.9;"normal"
481.0;30.2;"normal"
133.0;30.7;"normal"
138.0;31.1;"normal"
126.0;28.2;"normal"
2.0;25.5;"normal"
1.0;25.9;"normal"
1900.0;29.3;"outlier"
0.0;31.4;"normal"
1900.0;40.0;"outlier"
1900.0;40.0;"outlier"
441.0;30.5;"normal"
489.0;28.4;"normal"
317.0;30.2;"normal"
401.0;30.7;"normal"
252.0;31.8;"normal"
23.0;29.1;"normal"
0.0;25.4;"normal"
0.0;25.5;"normal"
0.0;28.8;"normal"
6.0;33.2;"normal"
183.0;33.2;"normal"
108.0;32.3;"normal"
508.0;31.3;"normal"
649.0;28.6;"normal"
262.0;30.3;"normal"
1900.0;30.4;"outlier"
195.0;31.2;"normal"
115.0;26.8;"normal"
0.0;25.3;"normal"
0.0;25.6;"normal"
1900.0;30.3;"outlier"
0.0;32.5;"normal"
123.0;33.3;"normal"
181.0;32.5;"normal"
874.0;28.9;"normal"
783.0;29.2;"normal"
377.0;30.1;"normal"
389.0;31.2;"normal"
160.0;30.4;"normal"
143.0;29.1;"normal"
0.0;25.7;"normal"
20.0;25.1;"normal"
29.0;27.2;"normal"
0.0;32.0;"normal"
389.0;29.3;"normal"
250.0;30.5;"normal"
502.0;30.3;"normal"
520.0;30.0;"normal"
1900.0;29.8;"outlier"
164.0;31.4;"normal"
67.0;30.9;"normal"
